empowerwomyn 160771170608 "2017-05-17 16:19:47 GMT" https://empowerwomyn.tumblr.com/post/160771170608/life-is-hard-and-full-of-problems-to-be-solved "Life is hard and full of problems to be solved. How do we handle those obstacles? We keep a toolbox handy. Not one full of hammers and drill bits - though that‚Äôs totally cool to have - but one full of tools to help us get through the day. Whether that‚Äôs in the form of media, coping strategies, role models, or beliefs. Here‚Äôs what‚Äôs in our toolbox this month:Podcasts:Rookie: Tavi Gevinson, creator of Rookie Mag, hosts with interview from famous folks (Winona Ryder and Lorde have both been guests so far!) with advice on life and growing up as a girl.Streaming:Dear White People (Netflix) - based on the movie, this Netflix series is absolutely incredible. Every episode will have you laughing while keeping you woke. DWP is here to tackle injustice, and is a great way to start a conversation about privilege. With ten half-hour long episodes, it‚Äôs totally binge-able.Books:milk and honey by Rupi Kaur - a gorgeous collection of poems and illustrations. She started on Instagram, and her voice has since become the voice of a generation.Music:Harry Styles - Sign of the Times (single): PSA, don‚Äôt discredit musicians just because they‚Äôre in a boyband.Head and the Heart - Stinson Beach Sessions (album): Get your fix of indie-folk goodness from the band‚Äôs latest album, which features previously unreleased demos of some of their best songs.Jamila Woods - HOLY (single): The singer, who has been featured in the likes of Macklemore‚Äôs White Privilege II, has released a gorgeous, soulful self-love anthem.Icons:Sally Yates: The former acting AG was fired by Trump for standing up against injustice. She recently testified in a Senate hearing regarding Trump‚Äôs ties to Russia, and was the definition of empowered. She graduated magna cum laude from the University of Georgia‚Äôs School of Law, and became the first woman to serve as a US Attorney in Georgia‚Äôs Nothern District when Obama appointed her in 2010. She‚Äôs not on social media, but be sure to follow her story in the news - she‚Äôs going places!Life Skills:Hospitality - as summer approaches, things are beginning and ending. But we‚Äôre not talking hospitality as in hotels and travel. Radical hospitality is the notion of extending invitations and welcome beyond the usual. Maybe that means taking the time to invite the new girl to hang out with your friend group this summer. Maybe it means opening up a spare room to someone who needs a place to stay. Maybe it‚Äôs as simple as helping someone feel a little less lonely. In times where it‚Äôs easy to exclude others, be the sort of person who welcomes them in. And allow others to do the same for you." True text
empowerwomyn 160493271373 "2017-05-09 22:26:43 GMT" https://empowerwomyn.tumblr.com/post/160493271373/the-firing-of-james-comey "Today Trump fired FBI Director James Comey, stating that he was ‚Äúnot  able to effectively lead the bureau.‚Äù According to ABC News White House  Correspondant Jonathan Karl, Comey allegedly gave inaccurate testimony  about how Hillary Clinton‚Äôs aide, Huma Abedin, handled her emails. Comey  said that Abedin forwarded ‚Äúhundreds of thousands ‚Äù of classified  emails to her husband, Anthony Weiner (yes that one). In reality, Abedin  only forwarded a few - likely less than 12. However, when asked about  this, Sean Spicer said he wasn‚Äôt familiar with the situation.Which begs the question - did Trump fire Comey because of this? Or is his motive more personal?What  we do know is that Trump fired Comey based on a recommendation from  Attorney General Jeff Sessions - yes, that Sessions who Coretta Scott  King once wrote a letter of warning about, the same letter Senator  Elizabeth Warren persisted in reading during that now iconic moment from  Sessions‚Äô Senate hearings. FBI Directors  usually hold a 10 year term after being appointed - Comey, who was  appointed by President Obama, had served less than four years. Comey has  confirmed the Trump is under FBI investigation regarding his ties to  Russia during the campaign. If Comey intended to bring any charges  against Trump or any members of his campaign or administration, he‚Äôs no  longer in a place to do so. There is no  word yet on who will replace James Comey as the head of the Bureau. We  can only hope that it is someone with experience, who is committed to  justice, and who will continue to do the right thing. But considering  Trump‚Äôs track record, it seems unlikely that we‚Äôll do better than the  infamous and controversial J Edgar Hoover - and at least he had experience." True text
empowerwomyn 160306638703 "2017-05-04 18:19:16 GMT" https://empowerwomyn.tumblr.com/post/160306638703/keep-an-eye-on-whats-happening-congress-right "Keep an eye on what‚Äôs happening Congress right now! http://www.npr.org/2017/05/04/526866090/house-set-to-vote-on-gop-health-care-bill" True text
empowerwomyn 160304955068 "2017-05-04 17:15:51 GMT" https://empowerwomyn.tumblr.com/post/160304955068/explaining-the-hashtag-activism-votenoahca "What‚Äôs happening today?The house is voting to pass a bill repealing the Affordable Health Care Act (ACA, aka Obamacare) and replacing it with the American Health Care Act (AHCA, aka Trumpcare). A version of this bill failed a few weeks ago, and the GOP is giving it another go.Why should Congress vote no?For a number of reasons. First of all, it doesn‚Äôt provide enough for many Americans, especially those with preexisting conditions. The recent MacArthur Amendment to the bill allows states to opt out of regulations that protect patients with preexisting conditions, meaning they‚Äôre very likely going to lose coverage and have to pay ridiculous amounts of money to get the care they could die without. Also, it will raise the cost of insurance and health care by an unnecessary amount. It‚Äôs going to hurt middle-class and working-class folks the most.What‚Äôs a preexisting condition?In short, any medical condition that you had before your current health care plan went into effect. This includes, but is not limited to: asthma, diabetes, cancer, chronic pain, fibromyalgia, heart conditions, lung disease, cystic fibrosis, scoliosis, high blood pressure, and much much more. Some politicians say that these are the results of ‚Äúunhealthy decisions‚Äù but many of them are genetic and/or uncontrollable! Nobody asks to develop them, and some don‚Äôt have cures. Did we mention that pregnancy is considered a preexisting condition?Oh, and sexual assault is a preexisting condition under this new health care bill. Yup, you read that right.How much will it cost to put in place?That‚Äôs the real kicker - Congress doesn‚Äôt know. Why? Because rather than waiting for the Congressional Budget Office to finish reviewing it and give them an estimate, the House GOP decided to force a vote in order to capitalize on momentum for the bill.Anything else I should know?Oh, yeah - by the way - Congress has exempted itself from the AHCA. Never trust a cook who won‚Äôt eat their own food. " True text
empowerwomyn 159534673483 "2017-04-13 18:11:17 GMT" https://empowerwomyn.tumblr.com/post/159534673483/beyond-the-political-mess-there-are-civilian "Beyond the political mess, there are civilian casualties resulting from these attacks. Trump doesn‚Äôt seem to understand that every time he launches a missile or drops a bomb, innocent people will die.Basic human rights are being blatantly violated. We cannot stand for this." True text
empowerwomyn 159534637573 "2017-04-13 18:09:56 GMT" https://empowerwomyn.tumblr.com/post/159534637573/let-it-be-known-that-only-a-few-days-ago-russia "Let it be known that only a few days ago Russia and Iran warned the US that they would respond ‚Äúwith force‚Äù (read: weapons) if the US crosses the line again.Today we dropped the largest non-nuclear bomb we have on Afghanistan. Guess which country Russia has strong ties to?" True text
empowerwomyn 159468671178 "2017-04-11 23:03:27 GMT" https://empowerwomyn.tumblr.com/post/159468671178/today-on-what-did-spicer-say-this-time "What did Sean Spicer say this time?Today in a press conference, Spicer tried to justify the attacks on Syria by pointing out how terrible Assad is. In doing so he claimed that ‚Äúsomeone as despicable as Hitler didn‚Äôt even sink to using chemical weapons.‚Äù He also also claimed Hitler brought ‚Äúthem‚Äù (he didn‚Äôt refer to Jews, Romas, LGBT individuals, etc.) into ‚Äúthe Holocaust center.‚ÄùWas this right?NO. Hitler did in fact use chemical weapons. First, let‚Äôs clear up the fact that there were no ‚ÄúHolocaust centers.‚Äù The term holocaust wasn‚Äôt used to refer to the mass genocide committed by Hitler against the Jewish people (and other groups) until the 1950‚Ä≤s, and wasn‚Äôt common until the 1970‚Ä≤s. Hitler had concentration camps such as Buchenwald, Janowska, and Warsaw; and extermination camps such as Auschwitz-Birkenau, and Belzac. Extermination camps utilized gas chambers in order to kill victims. Prisoners were often told that they were going to a bath or shower, as the chambers were designed to look like showers. They were locked inside, where rather than water, poisonous gas called Zyklon-B was released, which is made up of hydrogen cyanide. Those inside would die within about 30 minutes, and an a rather painful manner. A chemical weapon is defined here by the Organisation for the Prohibition of Chemical Weapons as(a)  Toxic chemicals and their precursors, except where intended for  purposes not prohibited under this Convention, as long as the types and  quantities are consistent with such purposes; (b) Munitions and devices, specifically designed to  cause death or other harm through the toxic properties of those toxic  chemicals specified in subparagraph (a), which would be released as a  result of the employment of such munitions and devices; ¬© Any equipment specifically designed for use  directly in connection with the employment of munitions and devices  specified in subparagraph (b).Zyklon-B certainly qualifies as a chemical weapon under this definition.Are people mad? Yes. The Anne Frank House released a statement calling for Spicer to be fired, and it seems the internet is in agreement.Did I miss anything else in that press briefing?Spicer said they released a ‚Äúcomprehensive tick-tock of when the President was informed‚Äù about Syria and how he made his decision to launch an airstrike. We‚Äôre assuming he meant timeline.Trump wants to take action against North Korea. This could mean an airstrike, or sanctions, or other ‚Äúsolutions.‚Äù He basically said Russia is a nice kid who fell in with the wrong crowd (Iran, North Korea, Syria according to Spicer) but didn‚Äôt admonish Russia or Putin.It‚Äôs unlikely they‚Äôll change the ban because ‚Äúa lot of these refugees in particular talk about the fact that they‚Äôre not looking to flee.‚ÄùThe administration believes they‚Äôre going to gain more support in their initiative to change healthcare, citing that they want to increase competition and consumer choice. That may be great for businesses, but not necessarily good for the American people.The administration is essentially looking to restart the¬†‚Äúwar on drugs‚Äù claiming that illegal immigrants are often drug cartel members and therefore dangerous criminals.  Spicer offered up ‚Äúthoughts and prayers‚Äù for the victims of the San Bernadino shooting, but no word on gun control. As usual.And that‚Äôs what you missed on Glee Official Things Happening in Politics That Really Should Not Be Happening in Politics." True text
empowerwomyn 159459338368 "2017-04-11 18:04:23 GMT" https://empowerwomyn.tumblr.com/post/159459338368/today-jeff-sessions-announced-tighter-border "Today Jeff Sessions announced tighter border security and immigration policies, calling for illegal immigrants to be prosecuted harshly rather than being sent back across the border. If you don‚Äôt know how terrible, unhygenic, and inhumane border detention facilities are, read this New York Times article. The people Sessions wants to punish are those who have already lost everything. To strip them of their basic human rights is a crime." True text
empowerwomyn 159302189533 "2017-04-07 14:29:53 GMT" https://empowerwomyn.tumblr.com/post/159302189533/remember "cognitivedissonance:The U.S. is bombing a country because we‚Äôre outraged a leader gassed his people, but we‚Äôre not outraged enough to take those same people in as refugees." False text
empowerwomyn 159302180583 "2017-04-07 14:29:29 GMT" https://empowerwomyn.tumblr.com/post/159302180583/the-triangle-us-syria-russia "What happened yesterday?Donald Trump attacked Syria with 50 Tomahawk cruise missiles in an airstrike. This was in response to a gas attack carried about by Assad that reportedly killed around 100 Syrians.Can he do that?According to the War Powers Resolution, a President must notify Congress 48 hours in advance and get Congressional approval before carrying out any act of war. Trump did not do either of these things. The only exception to the WPR is when the United States has been attacked and there is a dire need for defense. This was not the case.Let it be noted that although Trump failed to inform Congress of the attack, he did inform Russia beforehand. This is important, considering the ongoing FBI investigation into the Trump adminstration‚Äôs relations with Russia. See also: Trump‚Äôs ties to Russia; and Flynn‚Äôs request for immunity in exchange for information about Russian relations.What is the world saying?They‚Äôre not happy. The UN Security Council is meeting to discuss Trump‚Äôs actions, and some leaders have made statements condemning his actions. Russia isn‚Äôt too pleased either, which could spell danger for the US.What comes next?Call your reps and share your disapproval. Urge them to take action against Trump! Continue to resist, persist, and never desist. " True text
empowerwomyn 158632099763 "2017-03-20 16:59:30 GMT" https://empowerwomyn.tumblr.com/post/158632099763/rep-jackie-speier-is-crushing-it-on-the "Rep Jackie Speier is crushing it on the committee.¬†" True text
empowerwomyn 158629186608 "2017-03-20 15:13:25 GMT" https://empowerwomyn.tumblr.com/post/158629186608/if-you-havent-yet-tuned-into-c-span-or-msnbc-to "If you haven‚Äôt yet tuned into C-SPAN or MSNBC to see the Russia Hearing that‚Äôs currently going on, we highly recommend checking it out." True text
empowerwomyn 158629125513 "2017-03-20 15:10:59 GMT" https://empowerwomyn.tumblr.com/post/158629125513/moonprismmakeup-if-yall-want-to-be-entertained "moonprismmakeup:if y'all want to be entertained on this monday morning, watch the james comey hearing on the trump/russia ties. all i can say is that this is a ticking time bomb waiting to blow." False text
empowerwomyn 157891100773 "2017-03-02 04:53:08 GMT" https://empowerwomyn.tumblr.com/post/157891100773/staff-today-is-the-first-day-of-womens-history "staff: Today is the first day of Women‚Äôs History Month, Tumblr. For the next 31 days we‚Äôre going to celebrate women‚Äôs accomplishments, honor women‚Äôs stories, and draw attention to struggles women are still facing, even in 2017. How we‚Äôre celebrating: This special Women‚Äôs History Month explore page will be frequently updated with the top WHM posts found on Tumblr, because the best stuff always comes from you. Answer Times will be held, and important topics will be explored over on Action (@action). We also made some highly relevant stickers for you to put on your photos and GIFs, available right now in the Tumblr app. Take a look: Why this matters: üëÜ See that Planned Parenthood sticker? While we‚Äôve got plenty to celebrate, we also have crucial fights to fight. Women around the world are currently facing the possible revocation of basic human rights and access to adequate health care. Here in the US, Planned Parenthood (@plannedparenthood) is set to lose all federal funding. 5 million people use PP‚Äôs services every single year. That includes access to sex education, birth control, prenatal care, STD testing, cervical cancer screenings, abortions, and so much more.  How to help: We ask that you join us in donating to this irreplaceable non-profit¬†or¬†help out any other way you can, if you have the means for either. If you don‚Äôt, maybe you know someone who does. Could you pass it along to them? Tumblr stands with Planned Parenthood. Tumblr stands with women everywhere, regardless of sexuality, race, religion, or gender identity. We‚Äôre in this together. Oh, and If you‚Äôre attending SXSW this year, we‚Äôd like to invite you to a couple things jointly held by Tumblr and Planned Parenthood. There will be a panel on activism and a rally featuring live performances by Sleigh Bells, Girlpool (@girlpoool), Hoops, and PVRIS (@thisispvris). Find the details here.  " False text
empowerwomyn 157849573983 "2017-03-01 04:47:05 GMT" https://empowerwomyn.tumblr.com/post/157849573983/the-real-leslie-knopes "According to the Rutgers Eagleton Institute of Politics, women still have a lot of glass ceilings to shatter.Currently, 3 of the 9 Supreme Court seats are held by women.¬†104 of 535 seats in Congress are held by women.21 of 100 Senate seats. 83 of 435 House of Representative seats.Only 4 of 50 governors are women.And we still have yet to see a female President - or Vice President, for that matter.So how does it all add up? Well, we have a ways to go. Just because 2016 wasn‚Äôt the victory we were hoping for doesn‚Äôt mean that we have lost the war. The Women‚Äôs March on Washington is proof of that. We are stronger than people like Trump give us credit for, and our fight is just getting started.¬†This blog aims to highlight the real Leslie Knopes of the world, and to provide a platform for girls to understand and participate in the political abyss. Stories of life, politics, philosophy, and style; and of course, shattering those glass ceilings and smashing the patriarchy.¬†" True text
empowerwomyn 160455798623 "2017-05-08 21:41:50 GMT" https://empowerwomyn.tumblr.com/post/160455798623/watch-live-sally-yates-testifies-before-senate "Watch the incredible and courageous Sally Yates bring the truth." True link
empowerwomyn 159019195633 "2017-03-31 00:27:35 GMT" https://empowerwomyn.tumblr.com/post/159019195633/protect-your-net-privacy "Here‚Äôs what happened in Congress this week, and why it matters." True link
