MartyTheMess "I absolutely can! Always awkward to realise in the morning, too... the day hasn't even started yet, body! https://t.co/p4XPVddV3w" "Sat May 20 19:48:41 +0000 2017" True
MartyTheMess "Sometimes I wonder if I approach making YouTube videos a bit too... academically. https://t.co/kQeAb9aepq" "Mon May 15 22:38:43 +0000 2017" True
MartyTheMess "RT @MatPatGT: People waste time believing in things like ghosts and vampires.
Why not believe in something real, like yourself?" "Mon May 15 15:38:32 +0000 2017" False
MartyTheMess "RT @danielhowell: if they wanted phil and i to host they could have just asked there's no need to hijack our style  #Eurovision https://t.c‚Ä¶" "Sat May 13 20:27:52 +0000 2017" False
MartyTheMess "RT @t2t2: What #eurovision really is about https://t.co/xgLO5vlqIQ" "Sat May 13 20:27:07 +0000 2017" False
MartyTheMess "same https://t.co/s45WnD1P2i" "Thu May 11 17:05:08 +0000 2017" True
MartyTheMess "RT @MatPatGT: Ever start talking and midway through your story people stop listening so you just slowly let the sentence die? That's TOTALL‚Ä¶" "Mon May 08 19:21:55 +0000 2017" False
MartyTheMess "RT @MatPatGT: Courage isn't being fearless. Courage is being scared, but trying anyway." "Sun May 07 20:17:04 +0000 2017" False
MartyTheMess "RT @markiplier: Never be afraid to look like a giant dork" "Mon May 01 04:29:55 +0000 2017" False
MartyTheMess "@MatPatGT @CordyPatrick A little doodle for today's #GTLive! https://t.co/fEZq0w4Yu6" "Thu Apr 27 23:56:35 +0000 2017" True
MartyTheMess "RT @MatPatGT: How I see dogs: 
Poodle, beagle, greyhound, German shepherd
How I see cats:
Cat, cat, cat, cat, cat" "Wed Apr 26 22:58:54 +0000 2017" False
MartyTheMess "RT @AnimalBabyPix: strong, independent puppy that don't need no man. https://t.co/cCbv3FgnT5" "Wed Apr 26 12:24:27 +0000 2017" False
MartyTheMess "RT @HistoryInPix: A young Paul McCartney takes a mirror selfie, 1963. https://t.co/huwNpOTDLI" "Wed Apr 26 12:22:54 +0000 2017" False
MartyTheMess "But... that would be very rude of me... #socialanxiety https://t.co/Cg347ypJvU" "Mon Apr 24 17:35:03 +0000 2017" True
MartyTheMess "RT @GeorgeTakei: I just put my phone on airplane mode, and it dragged me out of my seat." "Mon Apr 24 15:18:14 +0000 2017" False
MartyTheMess "RT @neiltyson: Show me a Nation with a science-hostile government, and I'll show you a society with failing health, wealth, &amp; security." "Sat Apr 22 17:32:46 +0000 2017" False
MartyTheMess "RT @MatPatGT: Milking a joke about India's cows ;) https://t.co/2BH8wrxYPw" "Fri Apr 21 16:25:45 +0000 2017" False
MartyTheMess "RT @HistoryInPix: The Future of Gaming. https://t.co/Q5quzDNBXn" "Thu Apr 20 22:30:43 +0000 2017" False
MartyTheMess "RT @Jack_Septic_Eye: Create because you want to create. Not because you saw how much shit someone could buy as a result of popularity" "Thu Apr 20 22:26:03 +0000 2017" False
MartyTheMess "Just surfing around danandphilshop as I do, and I think to myself... socks. @IrlStore Possibility? No? What if we a‚Ä¶ https://t.co/9K8voECemj" "Thu Apr 20 22:21:31 +0000 2017" True
MartyTheMess "@AmazingPhil You inspired me to get some life into my apartment - hoping I can care for them better than I care for‚Ä¶ https://t.co/nd4RXnz6nc" "Thu Apr 20 17:27:50 +0000 2017" True
MartyTheMess "RT @DennysDiner: does it ever depress you watching a pat of butter melt, back to whence it came, a deep void of nonexistence? mmmm‚Ä¶voids." "Sat Apr 15 03:48:14 +0000 2017" False
MartyTheMess "#DanAndPhilPlushies recreating iconic Japhan selfies in Millenium Park, Chicago ‚õ≤ üå∏ https://t.co/SmXnQA3dys" "Wed Apr 12 06:10:16 +0000 2017" True
MartyTheMess "RT @AmazingPhil: @SINNAMONPHIL üéµ The internets not here! The cave is very cold! If you want lots of meat then you must battle a big boar üéµ" "Sun Apr 09 21:27:33 +0000 2017" False
MartyTheMess "RT @AmazingPhil: @relativehowell cereal is my passion" "Fri Apr 07 15:07:40 +0000 2017" False
MartyTheMess "RT @MatPatGT: Life is too short to spend it at war with yourself.
Be confident and embrace your imperfections" "Tue Apr 04 01:49:28 +0000 2017" False
MartyTheMess "RT @MatPatGT: A picture 10 years in the making. 
And what an incredible 10 years it's been. https://t.co/bjtiKE0clG" "Mon Apr 03 16:55:06 +0000 2017" False
MartyTheMess "#DanAndPhilPlushies WE'RE SOARING~ FLYING~ üé∂ https://t.co/mXtPMj8S5f" "Mon Apr 03 16:54:43 +0000 2017" True
MartyTheMess "RT @richardosman: Due to a typo I am a jack of all trades and master of nine." "Sun Apr 02 02:26:32 +0000 2017" False
MartyTheMess "#DanAndPhilPlushies Mini burger airplane picnic party! ‚úà üçî https://t.co/qjDHUN4Ble" "Sun Apr 02 01:55:51 +0000 2017" True
MartyTheMess "RT @Lungworty: #headerforphil !! if you have houseplants on your twitter page, are they twitterplants? üåø@AmazingPhil https://t.co/5siz9TRnz0" "Thu Mar 30 21:41:53 +0000 2017" False
MartyTheMess "D: ""Phil, that's not a baby...""
P: ""It's a MIRACLE OF LIFE!""
üéµ *Circle of Life starts playing* üé∂
#DanAndPhilPlushies https://t.co/gc9BENPF5l" "Thu Mar 30 18:41:34 +0000 2017" True
MartyTheMess "P: ""I'm the king of the forest! üòÉ""
D: ""PLEASE get down from there!!""
#DanAndPhilPlushies https://t.co/NnN5Mn5dnl" "Thu Mar 30 18:14:33 +0000 2017" True
MartyTheMess "Just checking my mail package and I think I properly squeezed some plushie butt, I'M SORRY @AmazingPhil @danisnotonfire #DanAndPhilPlushies" "Thu Mar 30 14:12:02 +0000 2017" True
MartyTheMess "RT @doddleoddle: the amount of times I have seen someone leave a rude comment, get a reply and go ""omg I didn't think you'd see this""
then‚Ä¶" "Thu Mar 23 18:02:11 +0000 2017" False
MartyTheMess "RT @iamcornelia: The rain insane falls mainly in my brain. ‚òîÔ∏è" "Wed Mar 22 22:30:08 +0000 2017" False
MartyTheMess "RT @cameronesposito: ""Nobody has more respect for women than me."" https://t.co/np3sCci15R" "Sun Mar 19 13:38:42 +0000 2017" False
MartyTheMess "RT @SWatercolour: just did a q&amp;a in front of more people than I ever have spoken to before and it turns out my best coping mechanism is to‚Ä¶" "Sat Mar 18 16:21:56 +0000 2017" False
MartyTheMess "Yes. Yes, it is. Join the club. https://t.co/H02Xf3urSt" "Fri Mar 17 19:26:26 +0000 2017" True
MartyTheMess "RT @MatPatGT: And the plot thickens... https://t.co/7kncwbZITY" "Thu Mar 16 22:20:56 +0000 2017" False
MartyTheMess "RT @CordyPatrick: I shouldn't be as excited about this as I am. https://t.co/eYfeRdySyv" "Mon Mar 13 22:18:50 +0000 2017" False
MartyTheMess "RT @richardosman: For #InternationalWomensDay here's my piece 'Are Women Funny?' from 'The Most Pointless Arguments In The World' https://t‚Ä¶" "Sun Mar 12 11:07:49 +0000 2017" False
MartyTheMess "@AmazingPhil tfw Phil gives himself punishments that makes him want to not do the right thing https://t.co/oLl0gFNQ5Y" "Sat Mar 11 23:28:49 +0000 2017" True
MartyTheMess "@AmazingPhil Waiting to see if there's an upload tonight or if we need to bring out the disappointed cats like... https://t.co/LrCFQ6fOmG" "Sat Mar 11 17:47:04 +0000 2017" True
MartyTheMess "I like uploaded a video n stuff, ain't that cool: https://t.co/PBvRImreLz via @YouTube" "Sat Mar 11 00:20:44 +0000 2017" True
MartyTheMess "RT @AmazingPhil: Happy 20th birthday to my favourite tv show! #buffyslays20 *dusts off my box set*" "Fri Mar 10 14:48:01 +0000 2017" False
MartyTheMess "@thetomska by asking for ""cute"" girls you've made a great number of candidates go ""HAH I wish"" no one's got confidence to take the job xD" "Fri Mar 10 10:31:09 +0000 2017" True
MartyTheMess "If buying 8 cans of Coke, 7 donuts and two dish rags didn't tell the cashier I'm 19 and failing at it, idk what will" "Tue Mar 07 21:31:57 +0000 2017" True
MartyTheMess "RT @mookentooken: I wish I had a snack. Any snack." "Tue Mar 07 20:09:11 +0000 2017" False
MartyTheMess "RT @danisnotonfire: what in slow motion https://t.co/noxDUwrnVH" "Sun Mar 05 17:37:41 +0000 2017" False
MartyTheMess "RT @AnimalBabyPix: reading is hard with cats https://t.co/hHgbVlbadL" "Sat Mar 04 23:31:49 +0000 2017" False
MartyTheMess "RT @JackHoward: Sometimes I feel like @realDonaldTrump has forgotten that he's the PRESIDENT" "Sat Mar 04 23:28:38 +0000 2017" False
MartyTheMess "RT @Apocalypto_12: Today's reality:  
Who wants to invite me over to play Switch with them?" "Sat Mar 04 23:24:27 +0000 2017" False
MartyTheMess "RT @hankgreen: Step 1 to doing something evil: Convince yourself someone did it to you first." "Sat Mar 04 23:24:23 +0000 2017" False
MartyTheMess "RT @davidgross_man: Imagine if u honestly uncovered a Watergate-level scandal abt yr own presidency, but then 30 min later got bored &amp; star‚Ä¶" "Sat Mar 04 23:23:36 +0000 2017" False
MartyTheMess "RT @danisnotonfire: @GALRADAN me as a computer" "Tue Feb 28 21:53:51 +0000 2017" False
MartyTheMess "RT @MatPatGT: There's a HUGE difference between a RIGHTEOUS fight and a SELF-RIGHTEOUS one." "Tue Feb 28 17:29:31 +0000 2017" False
MartyTheMess "@AmazingPhil @danisnotonfire I tried to truly capture the essence of the video - the sheer cultural quality, one ma‚Ä¶ https://t.co/vImihym8ty" "Fri Feb 24 23:55:17 +0000 2017" True
MartyTheMess "RT @andrewismusic: Enjoy a unicorn made out of music notes https://t.co/f4oMZDa50b" "Fri Feb 24 06:07:04 +0000 2017" False
MartyTheMess "@CordyPatrick @MatPatGT It began in the first Stanley stream, and so it goes on. An ending? Not an ending? May we e‚Ä¶ https://t.co/XVPPDnbXYV" "Fri Feb 17 00:44:05 +0000 2017" True
MartyTheMess "RT @MatPatGT: If video games have taught me anything, rotating these will unlock the next room. https://t.co/pQCTFOyyY5" "Thu Feb 16 18:53:48 +0000 2017" False
MartyTheMess "RT @Impalardis: Phil: *holds kangaroo's shoulder*
Kangaroo: Its KangarooandPhilGames from now on. Get off Daniel. He's mine. #GetPhilto4Mil‚Ä¶" "Thu Feb 16 11:30:51 +0000 2017" False
MartyTheMess "RT @_loz_g: Àö * ‚úß    Àö   *    ‚ãÜ      *    ‚úß ‚ãÜ    *   
Àö   Àö ‚ô•soft pastel boys‚ô•Àö    Àö
   Àö   ‚úß ¬∑„ÄÄ *„ÄÄ   * ¬∑     ‚úπ „ÄÄ.
@danisnotonfire @Amazing‚Ä¶" "Thu Feb 16 11:29:47 +0000 2017" False
MartyTheMess "RT @MatPatGT: Be a force for good in the world. Please read and share. 

Awareness CAN and DOES make a difference. ¬† ‚ñ∫‚ñ∫¬†https://t.co/uqoFGV‚Ä¶" "Wed Feb 15 23:24:32 +0000 2017" False
MartyTheMess "RT @MatPatGT: The meaning of life is to find your gift.
The purpose of life is to give that gift to others." "Tue Feb 14 22:49:21 +0000 2017" False
MartyTheMess "RT @MatPatGT: If you feel alone on Valentine's Day, remember you're really ALONE

(A)dored
(L)oved
(O)bviously 
(N)eeded by
(E)veryone

Hap‚Ä¶" "Tue Feb 14 22:48:57 +0000 2017" False
MartyTheMess "RT @AmazingPhil: Happy #valentines ! Just remember that Space Laser Sloth loves you all https://t.co/TuhMx2YYIB" "Tue Feb 14 15:31:37 +0000 2017" False
MartyTheMess "@AmazingPhil @YouTube Looking at the end result next to your old pictures it's like some really bizarre time travel just happened!" "Mon Feb 13 22:52:33 +0000 2017" True
MartyTheMess "RT @danisnotonfire: today we FED MEERKATS with zoe for @MakeAWishUK they were so small and smol i wanted to steal one (thanks for having us‚Ä¶" "Wed Feb 08 19:24:59 +0000 2017" False
MartyTheMess "RT @AmazingPhil: Me: Hey brain, please can you stop playing jingle bells on a loop as it‚Äôs February and very inappropriate?

Brain: üéÑüîîüéµüéÑüîîüéµüéÑüîî" "Tue Feb 07 13:48:45 +0000 2017" False
MartyTheMess "RT @AmazingPhil: brb going into hibernation until Halloween so I can watch Stranger Things 2 üôÉ" "Mon Feb 06 11:52:11 +0000 2017" False
MartyTheMess "RT @mookentooken: Happy birthday @AmazingPhil ! Thankyou for 30 wonderful years of brotherhood üéâ https://t.co/zDL2g84dwY" "Mon Jan 30 19:18:54 +0000 2017" False
MartyTheMess "RT @danisnotonfire: happy birthday to @AmazingPhil you may be on the road to death but the light and warmth you bring to our lives is as ev‚Ä¶" "Mon Jan 30 14:24:42 +0000 2017" False
MartyTheMess "@AmazingPhil Made a #HeaderForPhil which also works as a lil' HAPPY BIRTHDAY TO YOU! &lt;3 have a good one!‚Ä¶ https://t.co/UWTBs2LPE5" "Mon Jan 30 01:57:21 +0000 2017" True
MartyTheMess "RT @Twitter: Twitter is built by immigrants of all religions. We stand for and with them, always." "Sun Jan 29 13:32:24 +0000 2017" False
MartyTheMess "RT @AmazingPhil: Just went to the gym, signed myself up, bought a chocolate bar from their vending machine and came home üò¨" "Sat Jan 28 18:59:07 +0000 2017" False
MartyTheMess "RT @AmazingPhil: Found this nice movie / video game playlist which is good if you need a brain relax or creative boost ‚ò∫Ô∏è‚ô´üí´ https://t.co/ZG‚Ä¶" "Thu Jan 26 16:49:56 +0000 2017" False
MartyTheMess "tfw the dark cloud of politics and the world is keeping you up and you start to understand why humanity finds so many excuses to celebrate" "Thu Jan 26 02:06:39 +0000 2017" True
MartyTheMess "RT @SenSanders: President Trump, you made a big mistake. By trying to divide us up by race, religion, gender and nationality you actually b‚Ä¶" "Sun Jan 22 02:42:29 +0000 2017" False
MartyTheMess "RT @dog_rates: Here's a super supportive puppo participating in the Toronto  #WomensMarch today. 13/10 https://t.co/nTz3FtorBc" "Sat Jan 21 23:16:33 +0000 2017" False
MartyTheMess "In a Uni in Norway learning about the viking invasion of the UK from a Scot - just a bit #awkward like sorry for the murder n stuff mate" "Tue Jan 17 10:19:22 +0000 2017" True
MartyTheMess "RT @hankgreen: Sometimes you reap what you sow. Sometimes someone else comes along and reaps what you've sown. Try to keep planting good se‚Ä¶" "Sun Jan 15 13:24:03 +0000 2017" False
MartyTheMess "@danisnotonfire always remember: with every shit post, there's ten tumblr appreciation posts bcus we love you but don't do sincerity well :P" "Sat Jan 14 23:49:46 +0000 2017" True
MartyTheMess "@mookentooken in the end, in an effort to melt it, you'll burn down the kitchen, and the only thing left is a piece of unmelted halloumi" "Sat Jan 14 18:29:01 +0000 2017" True
MartyTheMess "@mookentooken halloumi doesn't melt, mate, it ain't gonna change for you" "Sat Jan 14 18:22:26 +0000 2017" True
MartyTheMess "RT @AmazingPhil: QUICK! Retweet the Friday the 13th otter or he will smash your screen üí• https://t.co/1vXseagIHj" "Fri Jan 13 16:51:17 +0000 2017" False
MartyTheMess "@danisnotonfire this is such an awkwardly adult thing to be proud of but at the same time damn I can relate" "Thu Jan 12 04:25:31 +0000 2017" True
MartyTheMess "@danisnotonfire @AmazingPhil I feel we underestimated this miracle when it happened. https://t.co/2cv5LlmPSd" "Tue Jan 10 20:30:42 +0000 2017" True
MartyTheMess "@AmazingPhil How about we do it if you do it? Practice what you preach" "Tue Jan 10 13:58:30 +0000 2017" True
MartyTheMess "@AmazingPhil this tweet is a public hazard, look at that carnage" "Tue Jan 10 13:57:16 +0000 2017" True
MartyTheMess "RT @annetdonahue: imagine you were such a fuck up that meryl streep used a lifetime achievement speech to tell the world how shitty you are" "Mon Jan 09 20:38:02 +0000 2017" False
MartyTheMess "@danisnotonfire i swear the muffin memes were out of control https://t.co/reNJxYt6WC" "Mon Jan 09 20:37:49 +0000 2017" True
MartyTheMess "RT @tyleroakley: üëáüèªüëÄ https://t.co/GlExjsS9ef" "Mon Jan 09 20:35:40 +0000 2017" False
MartyTheMess "@danisnotonfire you could probably never include it in a video but honestly half of this fandom's memes is about who'd be on top" "Mon Jan 09 20:32:46 +0000 2017" True
MartyTheMess "@danisnotonfire https://t.co/Pptume7CJo" "Mon Jan 09 20:28:28 +0000 2017" True
MartyTheMess "RT @ThomasSanders: Literally, let me be the Leslie Knope to somebody's Ben Wyatt." "Sat Jan 07 15:39:15 +0000 2017" False
MartyTheMess "@ojogorman @MatPatGT @CordyPatrick...  Yup, definitely a bit too generous - let's blame that on Steph trying to conserve heat :P" "Sat Jan 07 05:34:41 +0000 2017" True
MartyTheMess "RT @tyleroakley: four years ago, i moved to los angeles to try &amp; do this youtube thing full-time. it was terrifying - i had no clue if it w‚Ä¶" "Sat Jan 07 02:51:51 +0000 2017" False
MartyTheMess "@GamerSelkie @MatPatGT @CordyPatrick how I feel every day (also thank you &lt;3 &lt;3)" "Fri Jan 06 21:40:07 +0000 2017" True
MartyTheMess "@YouLittleSchmid @MatPatGT @CordyPatrick thank you so much &lt;3 :3" "Fri Jan 06 21:39:41 +0000 2017" True
MartyTheMess "@ojogorman @MatPatGT @CordyPatrick I tried to look at the golf video to get their heights and steph's just kinda tiny xD probs true tho" "Fri Jan 06 21:39:03 +0000 2017" True
MartyTheMess "@Only4GTLive @MatPatGT @CordyPatrick thank you so much! &lt;3" "Fri Jan 06 10:22:11 +0000 2017" True
MartyTheMess "RT @MatPatGT: The people who define you by your mistakes are the same people who will resent you for your success. 
TL;DR: Haters gonna hat‚Ä¶" "Fri Jan 06 04:12:24 +0000 2017" False
MartyTheMess "@MatPatGT @CordyPatrick Made a late Christmas present for a friend: a little throwback to my fave #GTLive series, U‚Ä¶ https://t.co/dIXWxzFz8C" "Fri Jan 06 03:52:47 +0000 2017" True
MartyTheMess "RT @beckyisaphan: leaked images of the average evening in @amazingphil and @danisnotonfire's apartment https://t.co/TzKMVHvkKb" "Tue Jan 03 21:15:16 +0000 2017" False
MartyTheMess "RT @AmazingPhil: I made a twitter moment looking back on my year!  
‚ú®@AmazingPhil's 2016 Tweet Highlights!‚ú®
https://t.co/tPQMuG0EMD" "Mon Jan 02 19:21:05 +0000 2017" False
MartyTheMess "RT @MatPatGT: You can't buy happiness, but you CAN buy video games, so it's basically the same thing." "Sat Dec 31 09:35:49 +0000 2016" False
MartyTheMess "@AmazingPhil To be honest I'm just amazed at how well they've managed to film this like wow those are some good dramatic wildlife clips" "Fri Dec 30 20:44:46 +0000 2016" True
MartyTheMess "RT @SWatercolour: Phantastic Beasts arise #pinof8 https://t.co/rv7Zct0Joi" "Thu Dec 29 15:11:45 +0000 2016" False
MartyTheMess "RT @ArianaGrande: https://t.co/FL1tOHAZvN" "Wed Dec 28 10:38:37 +0000 2016" False
MartyTheMess "@AmazingPhil just got this from my sister for Christmas - time to marathon :D https://t.co/NF5p5jKDK4" "Sat Dec 24 19:41:18 +0000 2016" True
MartyTheMess "Gotten the results back for three #exams out of four: A, B and C.... Let's not continue down that road. :S" "Fri Dec 23 21:27:56 +0000 2016" True
MartyTheMess "RT @kickthepj: did you know I play games to escape the feeling of dread surrounding the inevitability of death pls subscribe for more great‚Ä¶" "Wed Dec 21 20:47:53 +0000 2016" False
MartyTheMess "@AmazingPhil phil, there is a certain thing missing and it's square shaped and represents all your dancing glory. did dan snatch a sticker?" "Tue Dec 13 00:22:15 +0000 2016" True
MartyTheMess "RT @Caspar_Lee: Where are @danisnotonfire's legs? https://t.co/FmmCG8Uv8a" "Mon Dec 12 23:13:18 +0000 2016" False
MartyTheMess "@danisnotonfire rave tree appreciation time https://t.co/fb9uYq6Ko1" "Mon Dec 12 20:07:31 +0000 2016" True
MartyTheMess "@danisnotonfire that was so musical" "Sat Dec 10 20:17:24 +0000 2016" True
MartyTheMess "Big brother watching me drive the Mako around in #MassEffect:
""No driver's license for you anytime soon, huh?""" "Thu Dec 08 15:22:02 +0000 2016" True
MartyTheMess "Two days later and I'm still not over this actually happening. #tatinofstockholm #TATINOF https://t.co/x7QntdPalf" "Wed Dec 07 23:36:02 +0000 2016" True
MartyTheMess "@danisnotonfire but hey, at least we can enjoy it? life's about the roadtrip, not the destination - even if the destination is a crash" "Wed Dec 07 23:10:19 +0000 2016" True
MartyTheMess "RT @danisnotonfire: the #YouTubeRewind/#TATINOF crossover that nobody asked for https://t.co/uTqsAmNcu4" "Wed Dec 07 18:34:22 +0000 2016" False
MartyTheMess "@danisnotonfire so is this a part of the tax-free @AmazingPhil should maybe be kept away from? #tatinofstockholm https://t.co/D8ktZd7NW2" "Tue Dec 06 17:44:02 +0000 2016" True
MartyTheMess "@mookentooken @iamcornelia well in most Norwegian dialects, yours means cozy wool socks! :P" "Mon Dec 05 21:01:33 +0000 2016" True
MartyTheMess "@IrlStore @mookentooken Already bought two t-shirts there!  ;) &lt;3" "Mon Dec 05 16:59:26 +0000 2016" True
MartyTheMess "was so proud of myself for getting up to take an early flight and noticed in the security check I was wearing two t-shirts inside out" "Mon Dec 05 11:45:40 +0000 2016" True
MartyTheMess "@danisnotonfire @kumataro_panda yes, that was beautiful af" "Mon Dec 05 10:49:31 +0000 2016" True
MartyTheMess "I added a video to a @YouTube playlist https://t.co/AYbtcMqksT [Speedpaint] Palette Challenge: Dan, Phil ... and Squirrel Girl?" "Sat Dec 03 02:21:46 +0000 2016" True
MartyTheMess "@danisnotonfire phil is in a phase of trolling you and all of us with badly used memes and i'm not sure if this is hilarious or torture" "Fri Dec 02 00:24:45 +0000 2016" True
MartyTheMess "@danisnotonfire phil's mum was such highlight, to be honest, she just had full control" "Fri Dec 02 00:21:23 +0000 2016" True
MartyTheMess "@AmazingPhil 'leave' and 'live', tho. dan, watch your spelling." "Wed Nov 30 17:02:52 +0000 2016" True
MartyTheMess "@danisnotonfire living up to the winnie the pooh branding, I see" "Wed Nov 30 17:01:43 +0000 2016" True
MartyTheMess "@AmazingPhil phil, your socks match, what does this mean??" "Tue Nov 29 21:27:34 +0000 2016" True
MartyTheMess "@AmazingPhil #PINOF8 compare your hand sizes" "Fri Nov 25 00:25:23 +0000 2016" True
MartyTheMess "@mensweardan i see what u did there" "Thu Nov 24 22:15:50 +0000 2016" True
MartyTheMess "@AmazingPhil #PINOF8 impersonate the first animal that comes to mind! (no cheating)" "Thu Nov 24 22:06:31 +0000 2016" True
MartyTheMess "@AmazingPhil #PINOF8 predict a trending hashtag of 2017" "Thu Nov 24 22:02:16 +0000 2016" True
MartyTheMess "@AmazingPhil #PINOF8 reenact the presentation of Simba using all the plushies in your apartment (bonus points for singing)" "Thu Nov 24 21:53:07 +0000 2016" True
MartyTheMess "@AmazingPhil #PINOF8 invent a new animal that would be a problematic pet!" "Thu Nov 24 21:48:44 +0000 2016" True
MartyTheMess "literally all i want to do these days is draw because it's the only activity that makes me comfortable with existing #insomnia" "Thu Nov 24 00:36:08 +0000 2016" True
MartyTheMess "@AmazingPhil @danisnotonfire congrats with the awards and stuff! &lt;3 #BONCAS https://t.co/dsJjkITw4M" "Wed Nov 23 21:20:46 +0000 2016" True
MartyTheMess "RT @runolgarun: friend: you should watch black mirror
me, in a world where the president is a reality TV star who hides corruption by delet‚Ä¶" "Mon Nov 21 11:58:20 +0000 2016" False
MartyTheMess "RT @video: Now everyone knows @ThomasSanders‚Äô secret. üò≥üçùhttps://t.co/c9xbWwXTK6" "Sun Nov 20 12:30:27 +0000 2016" False
MartyTheMess "RT @yokoono: Tell your friend something you love about them." "Sun Nov 20 12:28:17 +0000 2016" False
MartyTheMess "my 11-year-old little sister just made her teddy bear dab and showed it to me like ""do u see what it's doing?"" and I don't know how to feel" "Sun Nov 13 15:15:49 +0000 2016" True
MartyTheMess "RT @thetomska: Me: Hey so these are my exact flaws.
People: Okay I understand ‚ò∫Ô∏è
Me: *shows those flaws*
People: üòßüò°üò±üò≠" "Sun Nov 13 00:18:01 +0000 2016" False
MartyTheMess "RT @HillaryClinton: ""This loss hurts. But please never stop believing that fighting for what‚Äôs right is worth it."" ‚ÄîHillary" "Thu Nov 10 09:26:40 +0000 2016" False
MartyTheMess "RT @mookentooken: Arggghhhh üá∫üá∏" "Wed Nov 09 03:50:55 +0000 2016" False
MartyTheMess "Greetings!: https://t.co/Bdz1cvkV21 via @YouTube" "Sun Nov 06 15:44:19 +0000 2016" True
MartyTheMess "@danisnotonfire Phil looks concerningly much like a titan here" "Wed Nov 02 20:42:55 +0000 2016" True
MartyTheMess "So a day after #Halloween, our hallway inexplicably smells like rotting flesh. I don't really know how to feel about that." "Tue Nov 01 15:56:42 +0000 2016" True
MartyTheMess "@danisnotonfire @AmazingPhil I hope you'll have a great time in Stockholm, but remember warm clothing! ‚ùÑÔ∏è See you t‚Ä¶ https://t.co/QTQbzJPDev" "Mon Oct 31 13:48:26 +0000 2016" True
MartyTheMess "RT @johngreen: Textbook prices have increased 207% in the last 20 years--even though production, printing, binding, and shipping have all b‚Ä¶" "Sun Oct 30 17:39:30 +0000 2016" False
MartyTheMess "it comes to a point where being good at a little bit of everything starts feeling like being good at nothing at all." "Sat Oct 29 00:55:55 +0000 2016" True
MartyTheMess "trying out ink for #Inktober2016  and somehow I like the picture of my messy work desk more than the pictures of th‚Ä¶ https://t.co/6vxGnuvXes" "Thu Oct 27 23:14:25 +0000 2016" True
MartyTheMess "@danisnotonfire @eventbrite ""Dan and Phil go outside: on stage event"" aka the working title for TATINOF" "Wed Oct 19 20:03:37 +0000 2016" True
MartyTheMess "@danisnotonfire tbh this made my entire day, you absolute dork, you go be you" "Tue Oct 18 19:08:26 +0000 2016" True
MartyTheMess "RT @ThomasSanders: How do I start new relationships?

You go out, you mingle at clubs, libraries, the mall, you start up a conversa--

You‚Ä¶" "Sun Oct 16 12:47:11 +0000 2016" False
MartyTheMess "this is some really intense bubble wrap... https://t.co/yXERsU2bDv" "Sat Oct 15 08:35:45 +0000 2016" True
MartyTheMess "Just bought this snazzy powerbank. I don't even regret anything. I'm a self-indulgent nerd. https://t.co/hNIpoxSX3E" "Sat Oct 15 08:08:38 +0000 2016" True
MartyTheMess "@SaharaVibe look what just arrived. niiiice~ #savingthelions https://t.co/pmhEGb4aLI" "Sat Oct 15 08:02:52 +0000 2016" True
MartyTheMess "Held off on watching #TATINOF for a week but at last it's time for the show on the big screen with my BFF, new peop‚Ä¶ https://t.co/pwLsFzE4nj" "Thu Oct 13 16:01:02 +0000 2016" True
MartyTheMess "mom somehow thought I got hurt exercising and I was almost too embarrassed to say my foot feel asleep watching TV so I tripped in the door" "Tue Oct 04 14:30:03 +0000 2016" True
MartyTheMess "@danisnotonfire  making my little siblings watch #Shrek because essential cultural education. truly a classic. üëå" "Sun Oct 02 15:18:21 +0000 2016" True
MartyTheMess "struggles of #socialanxiety include how Google can't tell me with word-by-word details how to call for an appointment with the hairdresser" "Tue Sep 27 11:21:51 +0000 2016" True
MartyTheMess "@danisnotonfire Dan please I literally put off packing my suitcase even more than I already had to watch this video, why must u do this" "Wed Sep 14 22:31:51 +0000 2016" True
MartyTheMess "RT @AnimalBabyPix: I'm a shark https://t.co/DkwaQhvrCL" "Wed Sep 14 19:33:51 +0000 2016" False
MartyTheMess "RT @MarcusButler: so excited for autumn and wearing layers" "Mon Sep 12 08:33:04 +0000 2016" False
MartyTheMess "@danisnotonfire now Europe, please friend, don't leave your neighbours behind" "Thu Aug 25 14:16:39 +0000 2016" True
MartyTheMess "So, @AmazingPhil, ever popped by the Strand bookstore for a sock haul? https://t.co/Nue60ooHci" "Fri Aug 12 00:36:27 +0000 2016" True
MartyTheMess "So our cathedral has a new stained glass window. Except it's underground. And looks like this. #IlluminatiConfirmed https://t.co/lz0aqmDAa7" "Fri Aug 05 20:28:17 +0000 2016" True
MartyTheMess "RT @harto: https://t.co/VEY7z8hr5L" "Tue Aug 02 11:37:21 +0000 2016" False
MartyTheMess "Playing #Undertale with my little siblings to show them the game. I let them name our character. Best decision. https://t.co/znXCwRfRa1" "Thu Jul 21 19:15:16 +0000 2016" True
MartyTheMess "#MakeCommentsOnYoutubeNotSoShitPlsJustAddModerators I just really want to see this trend. (and change. want that too.)" "Sun Jul 10 20:55:28 +0000 2016" True
MartyTheMess """I'm not as messy as I was! I'm getting better,"" I tell myself as I brush spider webs off a stack of clean clothes." "Mon Jul 04 12:20:23 +0000 2016" True
MartyTheMess "@SprinkleofGlitr anything by Muse, especially Exogenesis" "Fri Jul 01 13:19:24 +0000 2016" True
MartyTheMess "RT @SaharaVibe: Cute lions https://t.co/T9SjlbVaXt" "Thu Jun 30 15:58:50 +0000 2016" False
MartyTheMess "@danisnotonfire I'M READING THE BOOKS FIRST" "Mon Jun 27 10:07:41 +0000 2016" True
MartyTheMess "RT @MarkFerris2O16: Fun fact: a guy and a girl can ACTUALLY have a great connection/friendship without ANY romantic feelings/etcüôÑüòÖüòÑüíóüå∫" "Sun Jun 19 10:21:52 +0000 2016" False
MartyTheMess "@danisnotonfire Europe anytime? :P (so close and yet so far)" "Fri Jun 17 06:55:20 +0000 2016" True
MartyTheMess "RT @markiplier: Have a lovely day! https://t.co/OUeGaaaxPD" "Thu Jun 16 12:15:11 +0000 2016" False
MartyTheMess "RT @UnitedFrontRev: They won't show this image on the news today #muslims #pulseshooting https://t.co/lIo3ZuxJBL" "Mon Jun 13 18:01:31 +0000 2016" False
MartyTheMess "RT @danisnotonfire: #LoveIsLove shows how amazing the internet can be to spread love and support instead of hate. you are beautiful love yo‚Ä¶" "Mon Jun 13 01:25:26 +0000 2016" False
MartyTheMess "Happy birthday @danisnotonfire we all love you, you dork &lt;3 stay awesome üë® #Happybirthdaydan https://t.co/uLTgGl8Zaw" "Sat Jun 11 10:25:36 +0000 2016" True
MartyTheMess "Me 98% of the time when I study the art I'm working on in detail to see if it's good enough to upload. https://t.co/hRMqrTZVFL" "Thu Jun 09 21:27:41 +0000 2016" True
MartyTheMess "You don't know the true meaning of ""taking things for granted"" until you have to buy a Windows licence code." "Wed Jun 08 20:29:32 +0000 2016" True
MartyTheMess "RT @MatPatGT: Life is like a box of memes:
you never know what you're gonna GIF." "Tue Jun 07 11:32:16 +0000 2016" False
MartyTheMess "@danisnotonfire @AmazingPhil ""please have some drugs I ordered too many"" just imagine" "Fri Jun 03 23:54:55 +0000 2016" True
MartyTheMess "RT @hankgreen: I made up a video game in my head over a year ago and now I constantly want to play it even though it doesn't exist." "Fri Jun 03 09:36:31 +0000 2016" False
MartyTheMess "Always so interesting when you clean your room and you find things you'd forgotten you even owned - like a bed! And a desk! And a floor!" "Sun May 29 21:05:48 +0000 2016" True
MartyTheMess "@AmazingPhil that's weirdly specific" "Fri May 27 23:21:45 +0000 2016" True
MartyTheMess "RT @MatPatGT: Remember, EARTH without ART is just ""eh.""" "Thu May 26 19:07:26 +0000 2016" False
MartyTheMess "@AmazingPhil I just found popcorn and butterscotch flavoured ice cream - GOD IS REAL" "Wed May 18 15:17:50 +0000 2016" True
MartyTheMess "RT @danisnotonfire: i sometimes worry i'm so passionate about so many things that i'll never pick one thing to dedicate myself to and be tr‚Ä¶" "Mon May 16 12:40:23 +0000 2016" False
MartyTheMess "@AmazingPhil do it anyway. call the mooses to you. gather the crowd. become king." "Sun May 08 22:10:15 +0000 2016" True
MartyTheMess "just gonna appreciate that beautiful picture #aesthetic https://t.co/fIoHb7V4IY" "Fri May 06 20:14:28 +0000 2016" True
MartyTheMess "@AmazingPhil who got which room? :P" "Mon Apr 25 15:03:49 +0000 2016" True
MartyTheMess "@danisnotonfire @AmazingPhil that's not the correct use of ""it's"",  dan. why must you do this" "Sun Apr 24 18:49:43 +0000 2016" True
MartyTheMess "RT @hankgreen: I dreamt a girl in v tight pants invited me to a sex party, but I had a Star Wars-themed Nerf gun fight previously scheduled‚Ä¶" "Sat Apr 23 16:06:18 +0000 2016" False
MartyTheMess "RT @LisaDib1: baby pangolins always look like they're waiting to nervously ask you to prom https://t.co/Oovf4xO5EP" "Sun Apr 17 21:27:50 +0000 2016" False
MartyTheMess "@danisnotonfire omg congrats well done" "Sun Apr 17 19:11:06 +0000 2016" True
MartyTheMess "RT @danisnotonfire: rt if ur a proud member of the buttergluttons üçû" "Sun Apr 17 17:51:25 +0000 2016" False
MartyTheMess "RT @thetomska: #selfiesteem https://t.co/nRIhw0sL5L" "Fri Apr 15 17:04:52 +0000 2016" False
MartyTheMess "@danisnotonfire getting really anxious when you and Phil are apart because tbh I feel you both need constant surveillance to prevent death" "Thu Apr 14 22:46:50 +0000 2016" True
MartyTheMess "@danisnotonfire I'd say it's a gray zone" "Tue Apr 12 13:47:26 +0000 2016" True
MartyTheMess "Last week it was snowing. Now I'm struggling to wear long sleeves without boiling. Worry not, it'll probably snow again soon... #Norway" "Mon Apr 11 10:13:35 +0000 2016" True
MartyTheMess "@danisnotonfire @AmazingPhil I was to draw a picture of a bird. I saw my chance and I took it. https://t.co/aUmlOQf4Hr" "Fri Apr 08 11:30:57 +0000 2016" True
MartyTheMess "RT @thetomska: Now THIS is my kind of petition! https://t.co/7LqfSu3faF @markiplier @pewdiepie @danisnotonfire (via @dannegoma) https://t.c‚Ä¶" "Tue Apr 05 18:52:00 +0000 2016" False
MartyTheMess "@danisnotonfire @AmazingPhil Take care of yourselves, ya doofs" "Tue Apr 05 18:48:02 +0000 2016" True
MartyTheMess "#PowerpuffYourself https://t.co/KnkxRRQcTs" "Sat Apr 02 12:50:18 +0000 2016" True
MartyTheMess "@AmazingPhil that's adorable" "Sat Apr 02 12:35:23 +0000 2016" True
MartyTheMess "RT @ThomasSanders: It literally makes me so happy when I can make people happy." "Wed Mar 30 09:24:09 +0000 2016" False
MartyTheMess "RT @ICOEPR: Based on recent sketch appearances, I'm very much hoping @danisnotonfire and @AmazingPhil re-brand as hamisnotonfire and Jamazi‚Ä¶" "Sun Mar 27 22:35:32 +0000 2016" False
MartyTheMess "@AmazingPhil Congrats on the anniversary! &lt;3 May you hang around for several decades more! #10YearsOfAmazingPhil https://t.co/jCtGrMVFVm" "Sat Mar 26 19:11:41 +0000 2016" True
MartyTheMess "@AmazingPhil And you got the date wrong in the title, you spork... xD" "Sat Mar 26 13:12:49 +0000 2016" True
MartyTheMess "RT @NightValeRadio: There's no way to avoid becoming a statistic. Just try to become a good statistic." "Fri Mar 25 23:22:54 +0000 2016" False
MartyTheMess "@AmazingPhil....  Is it trying to tell me I game too much...? Don't gameshame, gif search https://t.co/tOGUtbFO6W" "Fri Mar 25 15:08:32 +0000 2016" True
MartyTheMess "Peeps be like ""7 minutes in Heaven!"", and Sartre be like ""Hell is other people."" The mixed opinions are real." "Thu Mar 24 20:13:04 +0000 2016" True
MartyTheMess "@AmazingPhil You gotta suffer for comfort! No, wait." "Thu Mar 24 20:10:28 +0000 2016" True
MartyTheMess "RT @danisnotonfire: i feel spiritually uncomfortable when i'm not wearing pyjamas like i can't wait to get home and pull off my jeans so i ‚Ä¶" "Thu Mar 24 19:05:53 +0000 2016" False
MartyTheMess "RT @danisnotonfire: Umm https://t.co/sY4Jfib6LW" "Mon Mar 21 20:52:52 +0000 2016" False
MartyTheMess "RT @MonsieurDream: Je me balade dans Tokyo et l√† je croise par hasard...@pewdiepie. RT si le monde est petit ! https://t.co/uzBV7jhCTF" "Mon Mar 21 20:49:24 +0000 2016" False
MartyTheMess "@AmazingPhil I can't stop laughing, I'm too tired for this, dammit" "Fri Mar 18 20:52:32 +0000 2016" True
MartyTheMess "RT @ConnorFranta: dont forget to give your friends hugs and make sure to tell them you love them. good ones are hard to find so appreciate ‚Ä¶" "Fri Mar 11 12:35:45 +0000 2016" False
MartyTheMess "@AmazingPhil @danisnotonfire Just pieced the tour together and holy shit, how much travelling is that?? #TATINOF https://t.co/AT0wwgsdPD" "Mon Feb 29 21:28:23 +0000 2016" True
MartyTheMess "@danisnotonfire Just barely can't sync this with my trip to New York.... You guys going on a Europe tour anytime??? Greetings from Norway" "Fri Feb 26 08:38:58 +0000 2016" True
MartyTheMess "#DanAndPhilBRITs Nothing greater than those few awkward seconds of looking awkwardly into the camera, waiting for it to stop filming" "Wed Feb 24 22:00:01 +0000 2016" True
MartyTheMess "#DanAndPhilBRITs LADDERS" "Wed Feb 24 21:58:04 +0000 2016" True
MartyTheMess "Not a big Justin Bieber fan, but that stage show was damn aesthetic #DanAndPhilBRITs" "Wed Feb 24 20:26:41 +0000 2016" True
MartyTheMess "Obviously, the next act is the flame prince, Danisonfire #DanAndPhilBRITs" "Wed Feb 24 20:20:50 +0000 2016" True
MartyTheMess "Actually gonna watch the BRITs live... Greetings from Norway, #DanAndPhilBRITs" "Wed Feb 24 20:03:21 +0000 2016" True
MartyTheMess "@AmazingPhil I think the ultimate autocorrect victim has been found" "Tue Feb 23 20:45:23 +0000 2016" True
MartyTheMess "@AnnaKendrick47 fake it till you make it" "Tue Feb 23 20:21:07 +0000 2016" True
MartyTheMess "@AmazingPhil Happy Birthday! &lt;3 :D https://t.co/1AtdQEU4wV" "Sat Jan 30 10:09:34 +0000 2016" True
MartyTheMess "RT @PaulMcCartney: .@LoveTheFabFour 1st John &amp; I are in Paris when he was 21 &amp; generally goofing around. 2nd Pulling faces in hat shop! 3rd‚Ä¶" "Thu Oct 23 07:43:47 +0000 2014" False
MartyTheMess "RT @PaulMcCartney: .@TheRyanAdams I am in fact an alien! #askPaul" "Thu Oct 23 07:43:17 +0000 2014" False
MartyTheMess "RT @PaulMcCartney: .@cham_ctc Maccadonia! #askPaul" "Thu Oct 23 07:41:31 +0000 2014" False
MartyTheMess "RT @therealhmccoy: Raven sneaks into the Xavier Mansion at night

Raven DarkHome" "Sat Jul 05 00:35:53 +0000 2014" False
MartyTheMess "RT @kittypryde111: //the progression of today on marvel twitter: 

[PATRIOTISM INTENSIFIES]
#bisexualsteverogers 
xmen punpocalyse" "Sat Jul 05 00:35:39 +0000 2014" False
MartyTheMess "RT @therealhmccoy: @nightcrawlin wHY DO I FEEL SO IMPUUUURREE

MY HEAD'S IN THE SCIENCE BUT MY HEART'S IN THE CURE" "Sat Jul 05 00:34:46 +0000 2014" False
MartyTheMess "RT @official_profx: at xavier's school for gifted youngsters, we take stu[dents]dying to a whole new level" "Fri Jul 04 23:44:44 +0000 2014" False
MartyTheMess "RT @hail_bucky: thor = every other country in the world right now http://t.co/yo9RzDbtyk" "Fri Jul 04 20:19:14 +0000 2014" False
MartyTheMess "RT @eriklensure: well at least he has his legs back tbh http://t.co/nM77YFTqnM" "Fri Jul 04 20:17:17 +0000 2014" False
MartyTheMess "RT @imatelepath: fun fact whenever raven has a tough choice to make she pictures me in a halo on one shoulder and erik in horns on the other" "Thu Jul 03 20:55:12 +0000 2014" False
MartyTheMess "RT @imatelepath: ""its been a while since ive played""
""ill go easy on you""

and some of you still dont think its a metaphor for sex" "Thu Jul 03 20:52:50 +0000 2014" False
MartyTheMess "RT @imatelepath: every time hank brought a girl home id sneak into his room and be like ""looks like someones getting up to a little HANKy-p‚Ä¶" "Thu Jul 03 20:51:26 +0000 2014" False
MartyTheMess "RT @imatelepath: erik is releasing a new brand of cereal called Magnet-Os" "Thu Jul 03 20:50:03 +0000 2014" False
MartyTheMess "RT @imatelepath: you know how they say after you lose a limb you can still feel it? well its true, sometimes i feel my hair flowing gently ‚Ä¶" "Thu Jul 03 20:49:58 +0000 2014" False
MartyTheMess "RT @imatelepath: when we're recruiting new students we put X and Y chromosomes on the flyers because SEX CELLS *high fives hank*" "Thu Jul 03 20:49:09 +0000 2014" False
MartyTheMess "RT @imatelepath: erik: *magnetically grabs shaw's submarine and gets dragged through the water*
me: üé∂ let it go, let it gooüé∂" "Thu Jul 03 20:48:52 +0000 2014" False
MartyTheMess "RT @imatelepath: i call this dick withdrawal syndrome http://t.co/bmGhKJrXau" "Thu Jul 03 20:48:28 +0000 2014" False
MartyTheMess "RT @imatelepath: is this hank http://t.co/K4jcsCAEvD" "Thu Jul 03 20:26:20 +0000 2014" False
MartyTheMess "RT @imatelepath: every time erik does anything http://t.co/3ynN2q6qqt" "Thu Jul 03 20:25:44 +0000 2014" False
MartyTheMess "RT @imatelepath: the real reason i started crying when i read erik‚Äôs mind is that i found out how big his dick is http://t.co/xgqLcw5Qd0" "Thu Jul 03 20:25:18 +0000 2014" False
MartyTheMess "RT @imatelepath: this goes out to everyone who thinks i have poor fashion sense http://t.co/7CS5AcFmUQ" "Thu Jul 03 20:24:26 +0000 2014" False
MartyTheMess "RT @imatelepath: ‚Äú@faultsinourerik: @imatelepath remember the phase you went through? http://t.co/2nC0OlkJ8K‚Äù damn what the hell was in tha‚Ä¶" "Thu Jul 03 20:21:40 +0000 2014" False
MartyTheMess "RT @imatelepath: you guys consistently complain about me and erik's relationship but whenever we're alone together you're all http://t.co/K‚Ä¶" "Thu Jul 03 19:23:45 +0000 2014" False
MartyTheMess "RT @imatelepath: #ThrowbackTuesday http://t.co/Mz8HlkAe8x" "Thu Jul 03 16:26:09 +0000 2014" False
MartyTheMess "RT @imatelepath: *throws self over human race like pocahontas protecting john smith from her father*" "Thu Jul 03 16:16:06 +0000 2014" False
MartyTheMess "RT @imatelepath: one time a student came to my office and made me follow her back to her algebra class and when we got there she was like ""‚Ä¶" "Thu Jul 03 16:15:03 +0000 2014" False
MartyTheMess "RT @imatelepath: i know having a metal wheelchair and a metalbender enemy may seem like a bad idea but sometimes he makes it float and boun‚Ä¶" "Thu Jul 03 16:14:15 +0000 2014" False
MartyTheMess "RT @imatelepath: treat yourself the way steve rogers would treat you" "Thu Jul 03 16:14:05 +0000 2014" False
MartyTheMess "RT @imatelepath: erik logic is like maybe people will take me seriously if i wear MORE maroon" "Thu Jul 03 16:13:48 +0000 2014" False
MartyTheMess "RT @imatelepath: everyday i can hear scott taking attendance all the way from my office cause he goes http://t.co/kcIqrRVlVx" "Thu Jul 03 16:13:27 +0000 2014" False
MartyTheMess "RT @imatelepath: me: you criPPLED ME
erik: oh my god that was one time" "Thu Jul 03 15:08:02 +0000 2014" False
MartyTheMess "RT @imatelepath: erik lehnsherr will go down in marvel history as the man who took the most shit for something that was a complete accident" "Thu Jul 03 15:07:24 +0000 2014" False
MartyTheMess "RT @official_profx: family portrait with erik and raven http://t.co/18BaCLc2RK" "Thu Jul 03 14:49:55 +0000 2014" False
MartyTheMess "RT @official_profx: ""summer lovin
had me a blast""
no literally if you love a summers boy chances are they will kill you with their laser sh‚Ä¶" "Thu Jul 03 14:49:22 +0000 2014" False
MartyTheMess "RT @official_profx: dofp starring:
an inglourious basterd, mr tumnus, katniss, jean-luc picard, gandalf, jean val crying-over-jean, juno, a‚Ä¶" "Thu Jul 03 14:48:38 +0000 2014" False
MartyTheMess "RT @official_profx: x-men: days of future past
a.k.a.
how to get rid of five movies worth of canon in an elegant and entertaining manner" "Thu Jul 03 14:45:13 +0000 2014" False
MartyTheMess "RT @official_profx: x-MEN????
the BROTHERhood?????
the FRATernity????
unacceptable" "Thu Jul 03 14:44:31 +0000 2014" False
MartyTheMess "RT @eriklensure: charles xavier's mating call is just groovy crying" "Thu Jul 03 14:44:17 +0000 2014" False
MartyTheMess "RT @official_profx: ""x-men: days of future past"" more like ""back to the future: part iv""" "Thu Jul 03 14:44:13 +0000 2014" False
MartyTheMess "RT @YABOYKURTWAGNER: haha, looks like erik MAROONED charles on a beach." "Tue Jun 10 09:16:12 +0000 2014" False
MartyTheMess "I love @Scribd! It's a reader's dream come true. Unlimited books on any device for $8.99/month. Sign up now. http://t.co/pbdLRZOhw1" "Tue Nov 05 15:22:27 +0000 2013" True
MartyTheMess "RT @latimespast: Happy birthday, John Lennon: He would have been 73. http://t.co/EBsPVt5Zn9" "Thu Oct 10 15:05:34 +0000 2013" False
MartyTheMess "RT @jarpad: Anybody out there excited about the season 9 premiere tomorrow?" "Tue Oct 08 12:42:17 +0000 2013" False
MartyTheMess "RT @sebroche: On a more serious note, when are they going to bring Balthazar back to ""Supernatural""? üòáüòáüòáüòáüòá" "Tue Oct 08 12:08:38 +0000 2013" False
